title,overall_rank,average_rating,number_reviews,theatrical_release_date,language,genre,mpaa_rating,director,actors,url,plot
The Shawshank Redemption,1,3.5,2081,09/23/1994,English,Drama,R,Frank Darabont,"Tim Robbins, Morgan Freeman, Bob Gunton, William Sadler, Clancy Brown, Gil Bellows",https://www.filmcrave.com/movie_page_main.php?id=10077,"A young banker named Andy, has his life changed rapidly when he is convicted of the murder of his wife and lover, and sentenced to life in prison.  As the story unfolds, Andy shows that he is a not a typical prisoner. With the help of his friend Redd, Andy makes the most of his prison life.  The film takes place in the 1940's."
Fight Club,2,3.3,2131,10/15/1999,English,"Drama, Crime",R,David Fincher,"Edward Norton, Brad Pitt, Helena Bonham Carter, Meat Loaf, Zach Grenier",https://www.filmcrave.com/movie_page_main.php?id=5310,An average thirty-something office worker gets so bored of his life he creates a local fighting club. The path of insanity and psychosis is inevitable.
The Godfather,3,3.5,1721,03/15/1972,English,"Drama, Crime",R,Francis Ford Coppola,"Marlon Brando, Al Pacino, James Caan, Robert Duvall, Richard S. Castellano, Sterling Hayden",https://www.filmcrave.com/movie_page_main.php?id=5792,"An organized crime leader gives up control of his ""family"" to his youngest son, Michael.  The leader barely survives a battle between mobs, which leads Michael to begin a mob war against Sollozzo and tears the Corleone family apart."
The Dark Knight,4,3.4,2174,07/18/2008,English,"Action, Adventure",PG-13,Christopher Nolan,"Christian Bale, Heath Ledger, Aaron Eckhart, Maggie Gyllenhaal, Michael Caine, Gary Oldman",https://www.filmcrave.com/movie_page_main.php?id=4445,"Batman raises the stakes in his war on crime. With the help of Lieutenant Jim Gordon and District Attorney Harvey Dent, Batman sets out to dismantle the remaining criminal organizations that plague the city streets. The partnership proves to be effective, but they soon find themselves prey to a reign of chaos unleashed by a rising criminal mastermind known to the terrified citizens of Gotham as The Joker."
Pulp Fiction,5,3.4,2033,10/14/1994,English,"Crime, Drama",R,Quentin Tarantino,"John Travolta, Samuel L. Jackson, Bruce Willis, Ving Rhames, Uma Thurman, Harvey Keitel",https://www.filmcrave.com/movie_page_main.php?id=9325,"A story of four interweaving stories developing from hit men, boxers, ringleaders, and anyone else who is involved with a crime. Violence and crime are not far away."
Forrest Gump,6,3.3,2238,07/06/1994,English,"Drama, Comedy",PG-13,Robert Zemeckis,"Tom Hanks, Robin Wright Penn, Gary Sinise, Mykelti Williamson, Sally Field",https://www.filmcrave.com/movie_page_main.php?id=5485,"A ""slow"" man explains to people he meets on a park bench his life story which seems to encounter historic events."
Lord of the Rings: The Fellowship of the Ring,7,3.3,1963,12/19/2001,English,"Adventure, Fantasy",PG-13,Peter Jackson,"Elijah Wood, Ian McKellen, Viggo Mortensen, Sean Astin, Orlando Bloom, John Rhys-Davies",https://www.filmcrave.com/movie_page_main.php?id=7564,"A Hobbit by the name of Frodo is entrusted with an ancient ring, which is known to be very dangerous. He, along with other heroes such as elves and men, must travel to destroy it."
Lord of the Rings: The Return of the King,8,3.4,1852,12/17/2003,English,"Adventure, Fantasy",PG-13,Peter Jackson,"Elijah Wood, Viggo Mortensen, Ian McKellen, Sean Astin, Orlando Bloom, John Rhys-Davies",https://www.filmcrave.com/movie_page_main.php?id=7565,"Frodo and Sam try to destroy ""the one ring"" while the rest fight their way through battles to help Frodo and Sam.  Frodo is tempted, can Sam save him?"
The Matrix,9,3.2,2115,03/31/1999,English,"Sci-Fi, Action",R,"Lana Wachowski, Lilly Wachowski","Keanu Reeves, Carrie-Anne Moss, Laurence Fishburne, Joe Pantoliano, Hugo Weaving, Gloria Foster",https://www.filmcrave.com/movie_page_main.php?id=7916,"A computer programmer, Neo, finds that things are not how they seem. His life will get turned upside down when Morphius gives him a choice to see the truth."
Schindler's List,10,3.4,1513,12/15/1993,English,"Drama, Biography",R,Steven Spielberg,"Liam Neeson, Ben Kingsley, Ralph Fiennes, Caroline Goodall, Mark Ivanir, Embeth Davidtz",https://www.filmcrave.com/movie_page_main.php?id=9885,Schindler (played by Liam Neeson) tries to save the Jews by bringing as many as he can to an ammunitions plant that may not produce any ammunition.
Thunderbolts*,2566,3.2,6,05/02/2025,English,"Action, Adventure",PG-13,Jake Schreier,"Florence Pugh, David Harbour, Olga Kurylenko, Sebastian Stan, Julia Louis-Dreyfus, Hannah John-Kamen",https://www.filmcrave.com/movie_page_main.php?id=63714,Unknown
Sushi Girl,13275,2.4,8,01/04/2013,English,"Crime, Thriller",R,Kern Saxton,"Tony Todd, James Duval, Mark Hamill, Sonny Chiba, Andy Mackenzie, Noah Hathaway",https://www.filmcrave.com/movie_page_main.php?id=48457,"A recently-released prisoner and four men who all committed a robbery together sit down to a sushi dinner (served off the body of a beautiful woman) and the congratulations soon take a deadly turn as the men squabble over the missing loot - all the while, the sushi girl remains motionless. --"
Transformers One,3891,3.0,7,09/20/2024,English,"Animation, Action",PG,Josh Cooley,"Scarlett Johansson, Chris Hemsworth, Brian Tyree Henry, Keegan-Michael Key, Jon Hamm,  Laurence Fishburne",https://www.filmcrave.com/movie_page_main.php?id=64026,Unknown
In a Violent Nature,7133,2.7,9,05/31/2024,English,"Horror, Thriller",NR,Chris Nash,"Ry Barrett, Andrea Pavlovic, Cameron Love, Reece Presley, Liam Leone, Charlotte Creaghan",https://www.filmcrave.com/movie_page_main.php?id=64578,"A group comes upon a lonesome, collapsed fire tower in the middle of the"
Fly Me to the Moon,11486,2.8,4,07/12/2024,English,"Comedy, Romance",PG-13,Greg Berlanti,"Scarlett Johansson, Channing Tatum, Woody Harrelson, Ray Romano, Jim Rash, Peter Jacobson",https://www.filmcrave.com/movie_page_main.php?id=64647,"During the 1960s Space Race between the United States and the Soviet Union, marketing specialist Kelly Jones (Johansson) is hired by the White House to fix NASA's public image. and stage a ""backup"" fake Moon landing. When the White House deems the mission too important to fail, Jones is directed to stage a fake moon landing as backup."
Hellboy,16619,2.2,21,04/12/2019,English,"Action, Fantasy",R,Neil Marshall,"David Harbour, Milla Jovovich, Ian McShane, Daniel Dae Kim, Penelope Mitchell, Sophie Okonedo",https://www.filmcrave.com/movie_page_main.php?id=59347,"Caught between the world of man and his own demonic origins, Hellboy, along with the rest of the Bureau for Paranormal Research and Defense work to stop dangers of a supernatural nature, the latest of which is Nimue the Queen of Blood. Hellboy his own past with her, even as she seeks to destroy the world. --"
Barbie,5419,2.7,28,07/21/2023,English,"Comedy, Adventure",PG-13,Greta Gerwig,"Margot Robbie, Ryan Gosling, Simu Liu, America Ferrera, Kate McKinnon, Alexandra Shipp",https://www.filmcrave.com/movie_page_main.php?id=57623,"While the Barbie life may seem to be perfect - one model finds herself conflicted and heads to the world outside - with a stowaway Ken along for the ride - only to find that things are very different in the ""real"" world, leading to revelations and revolts. --"
